state,district,year,age_0_5,age_5_17,age_18_greater,total_enrolment,child_ratio,AISI_level
Andaman And Nicobar Islands,Andamans,2025,70,5,0,75,0.9333333333333333,Low
Andaman And Nicobar Islands,Nicobars,2025,1,0,0,1,1.0,High
Andaman And Nicobar Islands,South Andaman,2025,38,0,0,38,1.0,Medium
Andaman And Nicobar Islands,Nicobar,2025,64,11,0,75,0.8533333333333334,Low
Andaman And Nicobar Islands,North And Middle Andaman,2025,128,4,0,132,0.9696969696969697,Low
Andaman And Nicobar Islands,South Andaman,2025,178,12,0,190,0.9368421052631579,Low
Andhra Pradesh,Adilabad,2025,1137,281,1,1419,0.8012684989429175,Low
Andhra Pradesh,Alluri Sitharama Raju,2025,1105,116,34,1255,0.8804780876494024,Low
Andhra Pradesh,Anakapalli,2025,523,12,8,543,0.9631675874769797,Low
Andhra Pradesh,Anantapur,2025,4089,326,0,4415,0.9261608154020385,Low
Andhra Pradesh,Ananthapur,2025,1843,151,0,1994,0.9242728184553661,Low
Andhra Pradesh,Ananthapuramu,2025,3018,159,10,3187,0.9469720740508315,Low
Andhra Pradesh,Annamayya,2025,868,48,105,1021,0.8501469147894222,Low
Andhra Pradesh,Bapatla,2025,421,55,16,492,0.8556910569105691,Low
Andhra Pradesh,Chittoor,2025,7493,659,43,8195,0.9143380109823063,Low
Andhra Pradesh,Cuddapah,2025,5519,413,2,5934,0.9300640377485676,Low
Andhra Pradesh,Dr. B. R. Ambedkar Konaseema,2025,618,30,17,665,0.9293233082706767,Low
Andhra Pradesh,East Godavari,2025,7161,507,10,7678,0.9326647564469914,Low
Andhra Pradesh,Eluru,2025,568,45,16,629,0.9030206677265501,Low
Andhra Pradesh,Guntur,2025,8769,925,35,9729,0.9013259327782918,Low
Andhra Pradesh,Hyderabad,2025,3831,1008,1,4840,0.7915289256198347,Low
Andhra Pradesh,K.V.Rangareddy,2025,55,14,0,69,0.7971014492753623,Low
Andhra Pradesh,K.V. Rangareddy,2025,15,4,0,19,0.7894736842105263,Medium
Andhra Pradesh,Kakinada,2025,858,84,27,969,0.8854489164086687,Low
Andhra Pradesh,Karim Nagar,2025,71,11,0,82,0.8658536585365854,Low
Andhra Pradesh,Karimnagar,2025,552,107,0,659,0.8376327769347496,Low
Andhra Pradesh,Khammam,2025,869,264,0,1133,0.7669902912621359,Low
Andhra Pradesh,Krishna,2025,6163,540,34,6737,0.9147988719014398,Low
Andhra Pradesh,Kurnool,2025,10923,823,24,11770,0.9280373831775701,Low
Andhra Pradesh,Mahabub Nagar,2025,1079,432,0,1511,0.71409662475182,Low
Andhra Pradesh,Mahabubnagar,2025,7,0,0,7,1.0,High
Andhra Pradesh,Mahbubnagar,2025,511,211,0,722,0.7077562326869806,Low
Andhra Pradesh,Medak,2025,1176,229,1,1406,0.8364153627311522,Low
Andhra Pradesh,N. T. R,2025,790,97,46,933,0.8467309753483387,Low
Andhra Pradesh,Nalgonda,2025,951,216,0,1167,0.8149100257069408,Low
Andhra Pradesh,Nandyal,2025,860,39,6,905,0.9502762430939227,Low
Andhra Pradesh,Nellore,2025,4611,754,2,5367,0.859139183901621,Low
Andhra Pradesh,Nizamabad,2025,453,71,0,524,0.8645038167938931,Low
Andhra Pradesh,Palnadu,2025,759,76,25,860,0.8825581395348837,Low
Andhra Pradesh,Parvathipuram Manyam,2025,464,36,8,508,0.9133858267716536,Low
Andhra Pradesh,Prakasam,2025,6405,1157,61,7623,0.8402203856749312,Low
Andhra Pradesh,Rangareddi,2025,1478,405,0,1883,0.7849176845459374,Low
Andhra Pradesh,Spsr Nellore,2025,1167,713,303,2183,0.5345854328905176,Low
Andhra Pradesh,Sri Potti Sriramulu Nellore,2025,689,622,303,1614,0.42688971499380424,Low
Andhra Pradesh,Sri Sathya Sai,2025,879,40,19,938,0.9371002132196162,Low
Andhra Pradesh,Srikakulam,2025,4157,135,8,4300,0.9667441860465116,Low
Andhra Pradesh,Tirupati,2025,802,689,228,1719,0.4665503199534613,Low
Andhra Pradesh,Visakhapatanam,2025,186,28,12,226,0.8230088495575221,Low
Andhra Pradesh,Visakhapatnam,2025,7688,460,30,8178,0.9400831499144044,Low
Andhra Pradesh,Vizianagaram,2025,3695,158,3,3856,0.958246887966805,Low
Andhra Pradesh,Warangal,2025,858,201,0,1059,0.8101983002832861,Low
Andhra Pradesh,West Godavari,2025,5568,343,24,5935,0.9381634372367312,Low
Andhra Pradesh,Y. S. R,2025,738,52,33,823,0.8967193195625759,Low
Arunachal Pradesh,Anjaw,2025,23,11,3,37,0.6216216216216216,Medium
Arunachal Pradesh,Changlang,2025,486,304,13,803,0.6052303860523038,Low
Arunachal Pradesh,Dibang Valley,2025,7,3,0,10,0.7,Medium
Arunachal Pradesh,East Kameng,2025,88,79,14,181,0.4861878453038674,Low
Arunachal Pradesh,East Siang,2025,80,86,2,168,0.47619047619047616,Low
Arunachal Pradesh,Kamle,2025,3,25,2,30,0.1,High
Arunachal Pradesh,Kra Daadi,2025,18,59,4,81,0.2222222222222222,Medium
Arunachal Pradesh,Kurung Kumey,2025,19,44,12,75,0.25333333333333335,Medium
Arunachal Pradesh,Leparada,2025,0,2,1,3,0.0,High
Arunachal Pradesh,Lohit,2025,102,63,1,166,0.6144578313253012,Low
Arunachal Pradesh,Longding,2025,141,719,37,897,0.15719063545150502,Medium
Arunachal Pradesh,Lower Dibang Valley,2025,58,49,2,109,0.5321100917431193,Low
Arunachal Pradesh,Lower Siang,2025,10,18,3,31,0.3225806451612903,Medium
Arunachal Pradesh,Lower Subansiri,2025,50,55,0,105,0.47619047619047616,Low
Arunachal Pradesh,Namsai,2025,95,54,1,150,0.6333333333333333,Low
Arunachal Pradesh,Pakke Kessang,2025,2,1,1,4,0.5,High
Arunachal Pradesh,Papum Pare,2025,201,241,5,447,0.44966442953020136,Low
Arunachal Pradesh,Shi-Yomi,2025,8,22,5,35,0.22857142857142856,Medium
Arunachal Pradesh,Siang,2025,39,60,4,103,0.3786407766990291,Low
Arunachal Pradesh,Tawang,2025,104,43,7,154,0.6753246753246753,Low
Arunachal Pradesh,Tirap,2025,59,39,1,99,0.5959595959595959,Low
Arunachal Pradesh,Upper Siang,2025,21,21,1,43,0.4883720930232558,Medium
Arunachal Pradesh,Upper Subansiri,2025,76,55,12,143,0.5314685314685315,Low
Arunachal Pradesh,West Kameng,2025,157,103,18,278,0.564748201438849,Low
Arunachal Pradesh,West Siang,2025,110,80,2,192,0.5729166666666666,Low
Assam,Bajali,2025,19,8,2,29,0.6551724137931034,Medium
Assam,Baksa,2025,2120,1179,400,3699,0.5731278723979454,Low
Assam,Barpeta,2025,10545,3306,532,14383,0.7331571994715984,Low
Assam,Biswanath,2025,789,464,76,1329,0.5936794582392777,Low
Assam,Bongaigaon,2025,2324,626,225,3175,0.7319685039370079,Low
Assam,Cachar,2025,11474,4513,1527,17514,0.6551330364280005,Low
Assam,Charaideo,2025,659,336,194,1189,0.5542472666105971,Low
Assam,Chirang,2025,2013,1071,264,3348,0.6012544802867383,Low
Assam,Darrang,2025,4390,1914,1291,7595,0.5780118499012509,Low
Assam,Dhemaji,2025,3864,1846,1191,6901,0.5599188523402405,Low
Assam,Dhubri,2025,8432,3849,365,12646,0.6667721018503875,Low
Assam,Dibrugarh,2025,3895,1675,1492,7062,0.5515434721042197,Low
Assam,Dima Hasao,2025,119,103,28,250,0.476,Low
Assam,Goalpara,2025,6881,2220,797,9898,0.6951909476661952,Low
Assam,Golaghat,2025,5537,4047,1921,11505,0.4812690134724033,Low
Assam,Hailakandi,2025,3826,1441,311,5578,0.6859089279311581,Low
Assam,Hojai,2025,5288,1607,155,7050,0.7500709219858156,Low
Assam,Jorhat,2025,2905,1122,860,4887,0.5944342132187436,Low
Assam,Kamrup,2025,9311,3370,985,13666,0.6813259183374799,Low
Assam,Kamrup Metro,2025,2654,2055,1337,6046,0.43896791266953356,Low
Assam,Karbi Anglong,2025,2918,4107,1082,8107,0.35993585790057975,Low
Assam,Karimganj,2025,9336,4903,594,14833,0.6294074024135374,Low
Assam,Kokrajhar,2025,2519,1572,518,4609,0.5465393794749404,Low
Assam,Lakhimpur,2025,4726,1825,648,7199,0.6564800666759272,Low
Assam,Majuli,2025,347,157,11,515,0.6737864077669903,Low
Assam,Marigaon,2025,6735,2928,824,10487,0.6422237055401926,Low
Assam,Nagaon,2025,9002,3478,393,12873,0.6992930940728657,Low
Assam,Nalbari,2025,2709,977,195,3881,0.6980159752641072,Low
Assam,North Cachar Hills,2025,501,420,137,1058,0.4735349716446125,Low
Assam,Sibsagar,2025,1561,514,662,2737,0.5703324808184144,Low
Assam,Sivasagar,2025,204,113,105,422,0.4834123222748815,Low
Assam,Sonitpur,2025,5501,2723,973,9197,0.5981298249429162,Low
Assam,South Salmara Mankachar,2025,1062,364,46,1472,0.7214673913043478,Low
Assam,Sribhumi,2025,115,43,11,169,0.6804733727810651,Low
Assam,Tamulpur District,2025,22,33,0,55,0.4,Low
Assam,Tinsukia,2025,3884,2867,1633,8384,0.46326335877862596,Low
Assam,Udalguri,2025,2658,1322,585,4565,0.5822562979189485,Low
Assam,West Karbi Anglong,2025,390,987,507,1884,0.2070063694267516,Medium
Bihar,Araria,2025,9939,5515,125,15579,0.6379741960331216,Low
Bihar,Arwal,2025,812,3020,34,3866,0.21003621314019658,Medium
Bihar,Aurangabad,2025,3001,7096,73,10170,0.2950835791543756,Medium
Bihar,Aurangabad(Bh),2025,5,3,0,8,0.625,High
Bihar,Aurangabad(Bh),2025,44,61,0,105,0.41904761904761906,Low
Bihar,Banka,2025,6198,4797,79,11074,0.5596893624706519,Low
Bihar,Begusarai,2025,8106,5045,58,13209,0.6136724960254372,Low
Bihar,Bhabua,2025,14,17,0,31,0.45161290322580644,Medium
Bihar,Bhagalpur,2025,10456,10229,377,21062,0.49643908460734976,Low
Bihar,Bhojpur,2025,3136,10115,106,13357,0.23478325971400762,Medium
Bihar,Buxar,2025,2528,4648,64,7240,0.34917127071823206,Low
Bihar,Darbhanga,2025,10017,5677,71,15765,0.635394862036156,Low
Bihar,East Champaran,2025,10147,18371,805,29323,0.3460423558298946,Low
Bihar,Gaya,2025,6722,20244,435,27401,0.2453195138863545,Medium
Bihar,Gopalganj,2025,5303,9649,196,15148,0.35007921837866385,Low
Bihar,Jamui,2025,5193,5029,160,10382,0.5001926411096128,Low
Bihar,Jehanabad,2025,915,3827,141,4883,0.18738480442351013,Medium
Bihar,Kaimur (Bhabua),2025,3033,4707,85,7825,0.3876038338658147,Low
Bihar,Katihar,2025,11332,4903,115,16350,0.6930886850152905,Low
Bihar,Khagaria,2025,4348,3779,69,8196,0.5305026842362128,Low
Bihar,Kishanganj,2025,6957,1782,25,8764,0.793815609310817,Low
Bihar,Lakhisarai,2025,2664,3423,68,6155,0.43281884646628754,Low
Bihar,Madhepura,2025,4571,4417,39,9027,0.5063697795502382,Low
Bihar,Madhubani,2025,12598,12534,798,25930,0.48584650983416894,Low
Bihar,Monghyr,2025,29,20,0,49,0.5918367346938775,Medium
Bihar,Munger,2025,2445,3534,108,6087,0.40167570231641203,Low
Bihar,Muzaffarpur,2025,14087,14103,665,28855,0.48819961878357304,Low
Bihar,Nalanda,2025,3676,10763,136,14575,0.25221269296740995,Medium
Bihar,Nawada,2025,2742,12380,291,15413,0.17790177123207682,Medium
Bihar,Pashchim Champaran,2025,5060,10737,562,16359,0.3093098600158934,Low
Bihar,Patna,2025,6745,17151,748,24644,0.27369745171238435,Medium
Bihar,Purba Champaran,2025,61,66,0,127,0.48031496062992124,Low
Bihar,Purbi Champaran,2025,4000,10071,800,14871,0.26897989375294196,Medium
Bihar,Purnea,2025,169,88,0,257,0.6575875486381323,Low
Bihar,Purnia,2025,12195,7721,184,20100,0.6067164179104477,Low
Bihar,Rohtas,2025,2741,5120,78,7939,0.34525758911701726,Low
Bihar,Saharsa,2025,6281,6577,205,13063,0.48082370052820944,Low
Bihar,Samastipur,2025,11289,7787,131,19207,0.5877544645181444,Low
Bihar,Samstipur,2025,41,41,0,82,0.5,Low
Bihar,Saran,2025,7592,16407,219,24218,0.3134858369807581,Low
Bihar,Sheikhpura,2025,1244,1934,21,3199,0.3888715223507346,Low
Bihar,Sheikpura,2025,11,18,0,29,0.3793103448275862,Medium
Bihar,Sheohar,2025,2067,1184,11,3262,0.6336603310852238,Low
Bihar,Sitamarhi,2025,20679,18856,2697,42232,0.4896523962871756,Low
Bihar,Siwan,2025,6149,9025,137,15311,0.40160668800209,Low
Bihar,Supaul,2025,5691,4563,157,10411,0.5466333685524926,Low
Bihar,Vaishali,2025,8257,9698,52,18007,0.4585438995946021,Low
Bihar,West Champaran,2025,11585,18070,783,30438,0.38060976411065117,Low
Chandigarh,Chandigarh,2025,2473,211,36,2720,0.9091911764705882,Low
Chandigarh,Rupnagar,2025,3,0,0,3,1.0,High
Chhattisgarh,Balod,2025,1603,71,4,1678,0.9553039332538736,Low
Chhattisgarh,Baloda Bazar,2025,4349,562,33,4944,0.8796521035598706,Low
Chhattisgarh,Balrampur,2025,4593,1528,69,6190,0.7420032310177705,Low
Chhattisgarh,Bastar,2025,4794,1808,6,6608,0.7254842615012107,Low
Chhattisgarh,Bemetara,2025,2458,302,11,2771,0.8870443883074702,Low
Chhattisgarh,Bijapur,2025,3601,1761,1362,6724,0.5355443188578227,Low
Chhattisgarh,Bilaspur,2025,7490,1432,19,8941,0.8377139022480707,Low
Chhattisgarh,Dakshin Bastar Dantewada,2025,1028,172,24,1224,0.8398692810457516,Low
Chhattisgarh,Dantewada,2025,584,126,0,710,0.8225352112676056,Low
Chhattisgarh,Dhamtari,2025,1876,89,3,1968,0.9532520325203252,Low
Chhattisgarh,Durg,2025,3528,520,47,4095,0.8615384615384616,Low
Chhattisgarh,Gariyaband,2025,1307,229,6,1542,0.8476005188067445,Low
Chhattisgarh,Gaurela-Pendra-Marwahi,2025,115,20,5,140,0.8214285714285714,Low
Chhattisgarh,Gaurella Pendra Marwahi,2025,623,290,70,983,0.6337741607324516,Low
Chhattisgarh,Janjgir - Champa,2025,32,1,0,33,0.9696969696969697,Medium
Chhattisgarh,Janjgir Champa,2025,21,4,0,25,0.84,Medium
Chhattisgarh,Janjgir-Champa,2025,4066,572,1,4639,0.8764820004311275,Low
Chhattisgarh,Jashpur,2025,1666,875,2,2543,0.6551317341722375,Low
Chhattisgarh,Kabeerdham,2025,860,92,3,955,0.900523560209424,Low
Chhattisgarh,Kanker,2025,1426,277,2,1705,0.8363636363636363,Low
Chhattisgarh,Kawardha,2025,1884,257,1,2142,0.8795518207282913,Low
Chhattisgarh,Khairagarh Chhuikhadan Gandai,2025,183,63,0,246,0.7439024390243902,Low
Chhattisgarh,Kondagaon,2025,1975,1054,9,3038,0.6500987491770902,Low
Chhattisgarh,Korba,2025,3040,489,13,3542,0.8582721626199887,Low
Chhattisgarh,Koriya,2025,1258,504,1,1763,0.7135564378899603,Low
Chhattisgarh,Mahasamund,2025,2773,563,25,3361,0.8250520678369533,Low
Chhattisgarh,Manendragarh–Chirmiri–Bharatpur,2025,188,106,0,294,0.6394557823129252,Low
Chhattisgarh,Mohalla-Manpur-Ambagarh Chowki,2025,10,4,0,14,0.7142857142857143,Medium
Chhattisgarh,Mohla-Manpur-Ambagarh Chouki,2025,162,93,4,259,0.6254826254826255,Low
Chhattisgarh,Mungeli,2025,2600,355,2,2957,0.8792695299289821,Low
Chhattisgarh,Narayanpur,2025,448,306,8,762,0.5879265091863517,Low
Chhattisgarh,Raigarh,2025,4294,625,37,4956,0.8664245359160614,Low
Chhattisgarh,Raipur,2025,6205,779,57,7041,0.8812668655020593,Low
Chhattisgarh,Rajnandgaon,2025,3791,371,23,4185,0.9058542413381123,Low
Chhattisgarh,Sakti,2025,373,80,2,455,0.8197802197802198,Low
Chhattisgarh,Sarangarh-Bilaigarh,2025,159,24,3,186,0.8548387096774194,Low
Chhattisgarh,Sukma,2025,1256,804,119,2179,0.5764111977971547,Low
Chhattisgarh,Surajpur,2025,2250,720,7,2977,0.7557944239166947,Low
Chhattisgarh,Surguja,2025,2866,679,11,3556,0.8059617547806525,Low
Chhattisgarh,Uttar Bastar Kanker,2025,718,162,8,888,0.8085585585585585,Low
Dadra & Nagar Haveli,Dadra & Nagar Haveli,2025,22,3,0,25,0.88,Medium
Dadra And Nagar Haveli,Dadra And Nagar Haveli,2025,669,71,4,744,0.8991935483870968,Low
Dadra And Nagar Haveli And Daman And Diu,Dadra And Nagar Haveli,2025,70,10,8,88,0.7954545454545454,Low
Dadra And Nagar Haveli And Daman And Diu,Daman,2025,49,5,9,63,0.7777777777777778,Low
Dadra And Nagar Haveli And Daman And Diu,Diu,2025,12,6,4,22,0.5454545454545454,Medium
Daman & Diu,Daman,2025,8,1,0,9,0.8888888888888888,High
Daman & Diu,Diu,2025,12,0,0,12,1.0,Medium
Daman And Diu,Daman,2025,47,11,0,58,0.8103448275862069,Low
Daman And Diu,Diu,2025,60,2,0,62,0.967741935483871,Low
Delhi,Central Delhi,2025,2761,993,193,3947,0.6995186217380289,Low
Delhi,East Delhi,2025,8055,2458,223,10736,0.750279433681073,Low
Delhi,Najafgarh,2025,21,9,0,30,0.7,Medium
Delhi,New Delhi,2025,918,502,217,1637,0.5607819181429444,Low
Delhi,North Delhi,2025,3148,1230,81,4459,0.7059878896613591,Low
Delhi,North East,2025,1328,408,2,1738,0.7640966628308401,Low
Delhi,North East   *,2025,2,0,0,2,1.0,High
Delhi,North East Delhi,2025,8299,3749,65,12113,0.6851316767109716,Low
Delhi,North West Delhi,2025,12395,3293,355,16043,0.7726111076481955,Low
Delhi,Shahdara,2025,1121,515,64,1700,0.6594117647058824,Low
Delhi,South Delhi,2025,10138,2780,477,13395,0.756849570735349,Low
Delhi,South East Delhi,2025,46,9,5,60,0.7666666666666667,Low
Delhi,South West Delhi,2025,6951,1945,359,9255,0.7510534846029173,Low
Delhi,West Delhi,2025,14000,4405,1009,19414,0.7211290821056969,Low
Goa,Bardez,2025,2,0,0,2,1.0,High
Goa,North Goa,2025,1109,146,99,1354,0.8190546528803545,Low
Goa,South Goa,2025,805,108,64,977,0.8239508700102354,Low
Gujarat,Ahmadabad,2025,4105,2322,240,6667,0.6157192140392981,Low
Gujarat,Ahmedabad,2025,12844,5679,607,19130,0.6714061683220073,Low
Gujarat,Amreli,2025,3460,587,246,4293,0.8059631959003029,Low
Gujarat,Anand,2025,5616,828,536,6980,0.8045845272206303,Low
Gujarat,Arvalli,2025,1952,322,117,2391,0.8163948138854036,Low
Gujarat,Banas Kantha,2025,5997,6719,782,13498,0.4442880426729886,Low
Gujarat,Banaskantha,2025,9944,5781,1635,17360,0.5728110599078341,Low
Gujarat,Bharuch,2025,3745,508,98,4351,0.8607216731785796,Low
Gujarat,Bhavnagar,2025,8420,1309,445,10174,0.8275997641045802,Low
Gujarat,Botad,2025,2302,474,171,2947,0.7811333559552087,Low
Gujarat,Chhotaudepur,2025,2215,1303,589,4107,0.5393231068906744,Low
Gujarat,Dahod,2025,5341,3891,1277,10509,0.5082310400609001,Low
Gujarat,Dang,2025,531,179,162,872,0.6089449541284404,Low
Gujarat,Devbhumi Dwarka,2025,1845,422,223,2490,0.7409638554216867,Low
Gujarat,Dohad,2025,5003,7330,670,13003,0.3847573636853034,Low
Gujarat,Gandhinagar,2025,4075,837,738,5650,0.7212389380530974,Low
Gujarat,Gir Somnath,2025,4375,975,373,5723,0.7644591997204263,Low
Gujarat,Jamnagar,2025,4998,799,281,6078,0.8223099703849951,Low
Gujarat,Junagadh,2025,4876,568,92,5536,0.8807803468208093,Low
Gujarat,Kachchh,2025,6176,2605,521,9302,0.6639432380133304,Low
Gujarat,Kheda,2025,5826,1224,517,7567,0.7699220298665257,Low
Gujarat,Mahesana,2025,5289,908,293,6490,0.8149460708782743,Low
Gujarat,Mahisagar,2025,2036,397,130,2563,0.7943815840811549,Low
Gujarat,Morbi,2025,5548,1803,653,8004,0.6931534232883558,Low
Gujarat,Narmada,2025,1155,96,29,1280,0.90234375,Low
Gujarat,Navsari,2025,2453,201,103,2757,0.8897352194414219,Low
Gujarat,Panch Mahals,2025,858,444,100,1402,0.6119828815977175,Low
Gujarat,Panchmahals,2025,4828,1122,329,6279,0.7689122471731168,Low
Gujarat,Patan,2025,6023,2228,716,8967,0.6716850674696108,Low
Gujarat,Porbandar,2025,2006,332,181,2519,0.796347757046447,Low
Gujarat,Rajkot,2025,12419,3732,919,17070,0.7275336848271822,Low
Gujarat,Sabar Kantha,2025,1083,1197,157,2437,0.4443988510463685,Low
Gujarat,Sabarkantha,2025,3603,1173,339,5115,0.7043988269794721,Low
Gujarat,Surat,2025,18412,6399,658,25469,0.7229180572460638,Low
Gujarat,Surendra Nagar,2025,4853,1665,337,6855,0.7079504011670313,Low
Gujarat,Surendranagar,2025,771,593,78,1442,0.5346740638002774,Low
Gujarat,Tapi,2025,1856,205,151,2212,0.8390596745027125,Low
Gujarat,The Dangs,2025,1068,186,74,1328,0.8042168674698795,Low
Gujarat,Vadodara,2025,9306,2433,545,12284,0.757570823835884,Low
Gujarat,Valsad,2025,5818,1406,224,7448,0.7811493018259935,Low
Haryana,Ambala,2025,3063,122,33,3218,0.95183343691734,Low
Haryana,Bhiwani,2025,3321,152,16,3489,0.9518486672398968,Low
Haryana,Charkhi Dadri,2025,839,19,0,858,0.9778554778554779,Low
Haryana,Faridabad,2025,12607,3225,323,16155,0.7803775920767564,Low
Haryana,Fatehabad,2025,2510,92,10,2612,0.9609494640122511,Low
Haryana,Gurgaon,2025,5417,1247,197,6861,0.7895350531992421,Low
Haryana,Gurugram,2025,1804,625,207,2636,0.6843702579666161,Low
Haryana,Hisar,2025,4927,289,18,5234,0.9413450515857853,Low
Haryana,Jhajjar,2025,2515,99,10,2624,0.9584603658536586,Low
Haryana,Jhajjar *,2025,0,1,0,1,0.0,High
Haryana,Jind,2025,3729,92,0,3821,0.9759225333682282,Low
Haryana,Kaithal,2025,2894,85,12,2991,0.9675693747910398,Low
Haryana,Karnal,2025,3861,179,8,4048,0.9538043478260869,Low
Haryana,Kurukshetra,2025,2315,78,11,2404,0.9629783693843594,Low
Haryana,Mahendragarh,2025,2575,155,24,2754,0.9350036310820624,Low
Haryana,Mewat,2025,6989,550,19,7558,0.9247155332098439,Low
Haryana,Nuh,2025,1251,213,42,1506,0.8306772908366534,Low
Haryana,Palwal,2025,4367,332,4,4703,0.9285562406974271,Low
Haryana,Panchkula,2025,1287,92,5,1384,0.9299132947976878,Low
Haryana,Panipat,2025,5498,543,47,6088,0.9030880420499343,Low
Haryana,Rewari,2025,2329,150,6,2485,0.9372233400402414,Low
Haryana,Rohtak,2025,3161,191,61,3413,0.9261646645180194,Low
Haryana,Sirsa,2025,3135,198,2,3335,0.9400299850074962,Low
Haryana,Sonipat,2025,4314,268,37,4619,0.9339683914267157,Low
Haryana,Yamuna Nagar,2025,3278,110,8,3396,0.9652532391048292,Low
Haryana,Yamunanagar,2025,56,3,0,59,0.9491525423728814,Low
Himachal Pradesh,Bilaspur,2025,985,14,0,999,0.985985985985986,Low
Himachal Pradesh,Chamba,2025,1586,64,7,1657,0.9571514785757392,Low
Himachal Pradesh,Hamirpur,2025,1181,16,1,1198,0.9858096828046744,Low
Himachal Pradesh,Kangra,2025,3869,75,22,3966,0.975542107917297,Low
Himachal Pradesh,Kinnaur,2025,137,21,5,163,0.8404907975460123,Low
Himachal Pradesh,Kullu,2025,1022,111,106,1239,0.8248587570621468,Low
Himachal Pradesh,Lahaul And Spiti,2025,3,0,0,3,1.0,High
Himachal Pradesh,Lahul & Spiti,2025,36,2,0,38,0.9473684210526315,Medium
Himachal Pradesh,Lahul And Spiti,2025,31,1,0,32,0.96875,Medium
Himachal Pradesh,Mandi,2025,2460,43,11,2514,0.9785202863961814,Low
Himachal Pradesh,Shimla,2025,1488,161,21,1670,0.8910179640718563,Low
Himachal Pradesh,Sirmaur,2025,1510,67,7,1584,0.9532828282828283,Low
Himachal Pradesh,Solan,2025,1105,65,6,1176,0.939625850340136,Low
Himachal Pradesh,Una,2025,1226,21,0,1247,0.983159582999198,Low
Jammu & Kashmir,Anantnag,2025,3,1,0,4,0.75,High
Jammu & Kashmir,Badgam,2025,0,2,0,2,0.0,High
Jammu & Kashmir,Bandipur,2025,2,0,0,2,1.0,High
Jammu & Kashmir,Baramula,2025,43,4,0,47,0.9148936170212766,Medium
Jammu & Kashmir,Doda,2025,2,0,0,2,1.0,High
Jammu & Kashmir,Jammu,2025,52,10,0,62,0.8387096774193549,Low
Jammu & Kashmir,Kargil,2025,2,2,0,4,0.5,High
Jammu & Kashmir,Kathua,2025,8,0,0,8,1.0,High
Jammu & Kashmir,Kupwara,2025,8,1,0,9,0.8888888888888888,High
Jammu & Kashmir,Leh (Ladakh),2025,3,0,0,3,1.0,High
Jammu & Kashmir,Pulwama,2025,4,0,0,4,1.0,High
Jammu & Kashmir,Punch,2025,1,0,0,1,1.0,High
Jammu & Kashmir,Rajauri,2025,1,1,0,2,0.5,High
Jammu & Kashmir,Srinagar,2025,2,1,0,3,0.6666666666666666,High
Jammu & Kashmir,Udhampur,2025,2,0,0,2,1.0,High
Jammu And Kashmir,Doda,2025,261,260,17,538,0.4851301115241636,Low
Jammu And Kashmir,Shopian,2025,308,84,20,412,0.7475728155339806,Low
Jammu And Kashmir,Anantnag,2025,2975,340,35,3350,0.8880597014925373,Low
Jammu And Kashmir,Badgam,2025,1674,190,1,1865,0.8975871313672922,Low
Jammu And Kashmir,Bandipore,2025,1288,308,43,1639,0.7858450274557657,Low
Jammu And Kashmir,Baramula,2025,3155,528,64,3747,0.8420069388844409,Low
Jammu And Kashmir,Budgam,2025,793,51,15,859,0.9231664726426076,Low
Jammu And Kashmir,Doda,2025,3186,763,15,3964,0.8037336024217961,Low
Jammu And Kashmir,Ganderbal,2025,773,59,11,843,0.9169632265717675,Low
Jammu And Kashmir,Jammu,2025,3697,825,36,4558,0.8111013602457218,Low
Jammu And Kashmir,Kargil,2025,386,139,1,526,0.7338403041825095,Low
Jammu And Kashmir,Kathua,2025,2635,310,9,2954,0.8920108327691266,Low
Jammu And Kashmir,Kishtwar,2025,1058,205,6,1269,0.8337273443656422,Low
Jammu And Kashmir,Kulgam,2025,970,232,9,1211,0.800990916597853,Low
Jammu And Kashmir,Kupwara,2025,2392,443,40,2875,0.832,Low
Jammu And Kashmir,Leh,2025,163,42,1,206,0.7912621359223301,Low
Jammu And Kashmir,Pulwama,2025,1738,118,15,1871,0.928915018706574,Low
Jammu And Kashmir,Punch,2025,2063,548,17,2628,0.7850076103500762,Low
Jammu And Kashmir,Rajouri,2025,2071,594,9,2674,0.7744951383694839,Low
Jammu And Kashmir,Ramban,2025,1317,597,6,1920,0.6859375,Low
Jammu And Kashmir,Reasi,2025,1136,570,9,1715,0.6623906705539359,Low
Jammu And Kashmir,Samba,2025,532,47,9,588,0.9047619047619048,Low
Jammu And Kashmir,Shupiyan,2025,537,128,1,666,0.8063063063063063,Low
Jammu And Kashmir,Srinagar,2025,2851,270,135,3256,0.8756142506142506,Low
Jammu And Kashmir,Udhampur,2025,2446,349,11,2806,0.8717034925160371,Low
Jammu And Kashmir,Punch,2025,1,0,0,1,1.0,High
Jharkhand,Bokaro,2025,3505,2278,17,5800,0.6043103448275862,Low
Jharkhand,Bokaro *,2025,2,0,0,2,1.0,High
Jharkhand,Chatra,2025,3448,2819,35,6302,0.5471278959060616,Low
Jharkhand,Deoghar,2025,4518,3679,127,8324,0.5427679000480539,Low
Jharkhand,Dhanbad,2025,6878,4061,92,11031,0.6235155470945517,Low
Jharkhand,Dumka,2025,2743,2996,86,5825,0.4709012875536481,Low
Jharkhand,East Singhbhum,2025,5983,2109,99,8191,0.730435844219265,Low
Jharkhand,East Singhbum,2025,848,546,53,1447,0.5860400829302004,Low
Jharkhand,Garhwa,2025,4523,1535,15,6073,0.7447719413798781,Low
Jharkhand,Garhwa *,2025,314,67,0,381,0.8241469816272966,Low
Jharkhand,Giridih,2025,7695,6526,82,14303,0.5379990211843669,Low
Jharkhand,Godda,2025,3238,2135,17,5390,0.6007421150278293,Low
Jharkhand,Gumla,2025,4083,2524,94,6701,0.6093120429786599,Low
Jharkhand,Hazaribag,2025,358,208,0,566,0.6325088339222615,Low
Jharkhand,Hazaribagh,2025,4125,2048,31,6204,0.6648936170212766,Low
Jharkhand,Jamtara,2025,3160,1274,16,4450,0.7101123595505618,Low
Jharkhand,Khunti,2025,1426,1173,45,2644,0.5393343419062028,Low
Jharkhand,Kodarma,2025,184,126,0,310,0.5935483870967742,Low
Jharkhand,Koderma,2025,2096,1114,12,3222,0.6505276225946617,Low
Jharkhand,Latehar,2025,1675,923,11,2609,0.6420084323495592,Low
Jharkhand,Lohardaga,2025,1984,919,56,2959,0.6704967894558973,Low
Jharkhand,Pakaur,2025,197,100,0,297,0.6632996632996633,Low
Jharkhand,Pakur,2025,3971,2908,45,6924,0.5735124205661467,Low
Jharkhand,Palamau,2025,220,66,0,286,0.7692307692307693,Low
Jharkhand,Palamu,2025,6548,1994,64,8606,0.7608645131303742,Low
Jharkhand,Pashchimi Singhbhum,2025,346,252,1,599,0.5776293823038398,Low
Jharkhand,Purbi Singhbhum,2025,814,172,0,986,0.8255578093306288,Low
Jharkhand,Ramgarh,2025,1902,1066,11,2979,0.6384692849949648,Low
Jharkhand,Ranchi,2025,9318,4613,334,14265,0.6532071503680337,Low
Jharkhand,Sahebganj,2025,3636,2670,15,6321,0.5752254390128144,Low
Jharkhand,Sahibganj,2025,187,178,0,365,0.5123287671232877,Low
Jharkhand,Seraikela-Kharsawan,2025,2398,961,30,3389,0.7075833579226911,Low
Jharkhand,Seraikela-Kharsawan,2025,545,316,0,861,0.6329849012775842,Low
Jharkhand,Simdega,2025,1472,594,13,2079,0.708032708032708,Low
Jharkhand,West Singhbhum,2025,4211,2589,48,6848,0.6149240654205608,Low
Karnataka,Bagalkot,2025,6158,900,84,7142,0.8622234668160179,Low
Karnataka,Bagalkot *,2025,218,31,0,249,0.8755020080321285,Low
Karnataka,Ballari,2025,2450,267,64,2781,0.8809780654440849,Low
Karnataka,Bangalore,2025,5776,1236,4,7016,0.8232611174458381,Low
Karnataka,Bangalore Rural,2025,2251,267,126,2644,0.8513615733736762,Low
Karnataka,Belagavi,2025,7063,622,120,7805,0.9049327354260089,Low
Karnataka,Belgaum,2025,5861,880,2,6743,0.869197686489693,Low
Karnataka,Bellary,2025,3623,596,1,4220,0.8585308056872037,Low
Karnataka,Bengaluru,2025,20441,6732,3807,30980,0.6598127824402841,Low
Karnataka,Bengaluru Rural,2025,1439,730,621,2790,0.5157706093189964,Low
Karnataka,Bengaluru South,2025,15,183,5,203,0.07389162561576355,High
Karnataka,Bengaluru Urban,2025,12111,7167,3796,23074,0.5248764843546849,Low
Karnataka,Bidar,2025,3960,896,64,4920,0.8048780487804879,Low
Karnataka,Bijapur,2025,3296,930,5,4231,0.7790120538879698,Low
Karnataka,Bijapur(Kar),2025,3,0,0,3,1.0,High
Karnataka,Chamarajanagar,2025,232,17,0,249,0.9317269076305221,Low
Karnataka,Chamarajanagar *,2025,23,0,0,23,1.0,Medium
Karnataka,Chamrajanagar,2025,1988,216,23,2227,0.8926807364167041,Low
Karnataka,Chamrajnagar,2025,356,24,0,380,0.9368421052631579,Low
Karnataka,Chickmagalur,2025,1129,102,0,1231,0.917140536149472,Low
Karnataka,Chikkaballapur,2025,2842,296,14,3152,0.9016497461928934,Low
Karnataka,Chikkamagaluru,2025,1018,95,38,1151,0.8844483058210252,Low
Karnataka,Chikmagalur,2025,145,9,0,154,0.9415584415584416,Low
Karnataka,Chitradurga,2025,4042,326,45,4413,0.9159302062089282,Low
Karnataka,Dakshina Kannada,2025,5896,530,79,6505,0.906379707916987,Low
Karnataka,Davanagere,2025,437,46,0,483,0.9047619047619048,Low
Karnataka,Davangere,2025,4416,352,45,4813,0.9175150633700395,Low
Karnataka,Dharwad,2025,4733,351,19,5103,0.9274936311973349,Low
Karnataka,Gadag,2025,4088,349,20,4457,0.9172088849001571,Low
Karnataka,Gadag *,2025,135,10,0,145,0.9310344827586207,Low
Karnataka,Gulbarga,2025,3650,703,3,4356,0.8379247015610652,Low
Karnataka,Hasan,2025,944,49,0,993,0.9506545820745217,Low
Karnataka,Hassan,2025,2333,142,19,2494,0.9354450681635926,Low
Karnataka,Haveri,2025,3917,266,59,4242,0.9233851956624234,Low
Karnataka,Haveri *,2025,111,6,0,117,0.9487179487179487,Low
Karnataka,Kalaburagi,2025,4096,602,84,4782,0.8565453785027185,Low
Karnataka,Kodagu,2025,1095,75,41,1211,0.9042113955408753,Low
Karnataka,Kolar,2025,3841,314,31,4186,0.9175824175824175,Low
Karnataka,Koppal,2025,4752,650,49,5451,0.8717666483214089,Low
Karnataka,Mandya,2025,3401,150,43,3594,0.94629938786867,Low
Karnataka,Mysore,2025,2857,214,2,3073,0.9297103807354377,Low
Karnataka,Mysuru,2025,3650,463,248,4361,0.8369639990827792,Low
Karnataka,Raichur,2025,7619,2056,104,9779,0.7791185192759996,Low
Karnataka,Ramanagar,2025,2559,379,11,2949,0.8677517802644964,Low
Karnataka,Ramanagara,2025,168,24,12,204,0.8235294117647058,Low
Karnataka,Shimoga,2025,2111,149,0,2260,0.934070796460177,Low
Karnataka,Shivamogga,2025,2004,182,43,2229,0.8990578734858681,Low
Karnataka,Tumakuru,2025,2792,161,47,3000,0.9306666666666666,Low
Karnataka,Tumkur,2025,2754,188,0,2942,0.9360978925900748,Low
Karnataka,Udupi,2025,3338,210,43,3591,0.9295460874408242,Low
Karnataka,Udupi *,2025,2,0,0,2,1.0,High
Karnataka,Uttara Kannada,2025,3219,221,30,3470,0.9276657060518732,Low
Karnataka,Vijayanagara,2025,1822,241,56,2119,0.8598395469561114,Low
Karnataka,Vijayapura,2025,4662,842,92,5596,0.8330950679056469,Low
Karnataka,Yadgir,2025,4847,1300,111,6258,0.7745286033876638,Low
Karnataka,Yadgir,2025,573,116,0,689,0.8316400580551524,Low
Kerala,Alappuzha,2025,2536,892,131,3559,0.7125597077830851,Low
Kerala,Ernakulam,2025,4185,1807,332,6324,0.6617647058823529,Low
Kerala,Idukki,2025,1399,271,28,1698,0.8239104829210836,Low
Kerala,Kannur,2025,4013,1722,230,5965,0.6727577535624476,Low
Kerala,Kasaragod,2025,2695,798,62,3555,0.7580872011251758,Low
Kerala,Kasargod,2025,251,64,0,315,0.7968253968253968,Low
Kerala,Kollam,2025,3814,1042,213,5069,0.7524166502268692,Low
Kerala,Kottayam,2025,2465,804,52,3321,0.7422463113520024,Low
Kerala,Kozhikode,2025,4587,1914,203,6704,0.6842183770883055,Low
Kerala,Malappuram,2025,10205,4116,246,14567,0.7005560513489394,Low
Kerala,Palakkad,2025,5174,1381,169,6724,0.7694824509220702,Low
Kerala,Pathanamthitta,2025,1398,480,73,1951,0.716555612506407,Low
Kerala,Thiruvananthapuram,2025,4836,1394,433,6663,0.7257991895542548,Low
Kerala,Thrissur,2025,4914,1672,485,7071,0.6949512091641917,Low
Kerala,Wayanad,2025,1265,233,18,1516,0.8344327176781002,Low
Ladakh,Kargil,2025,365,120,7,492,0.741869918699187,Low
Ladakh,Leh,2025,101,13,11,125,0.808,Low
Lakshadweep,Lakshadweep,2025,192,10,1,203,0.9458128078817734,Low
Madhya Pradesh,Agar Malwa,2025,2087,421,29,2537,0.8226251478123768,Low
Madhya Pradesh,Alirajpur,2025,3251,3390,369,7010,0.4637660485021398,Low
Madhya Pradesh,Anuppur,2025,2864,349,13,3226,0.8877867327960323,Low
Madhya Pradesh,Ashok Nagar,2025,3726,1285,167,5178,0.7195828505214369,Low
Madhya Pradesh,Ashoknagar,2025,1594,1323,94,3011,0.5293922284955165,Low
Madhya Pradesh,Balaghat,2025,6237,540,28,6805,0.9165319617927994,Low
Madhya Pradesh,Barwani,2025,12801,8355,667,21823,0.5865829629290198,Low
Madhya Pradesh,Betul,2025,6829,1207,130,8166,0.8362723487631644,Low
Madhya Pradesh,Bhind,2025,8483,4845,639,13967,0.6073602062003294,Low
Madhya Pradesh,Bhopal,2025,11256,1452,154,12862,0.8751360597107759,Low
Madhya Pradesh,Burhanpur,2025,6542,2759,388,9689,0.6751986789142327,Low
Madhya Pradesh,Chhatarpur,2025,11504,5965,367,17836,0.6449876653958286,Low
Madhya Pradesh,Chhindwara,2025,8308,625,48,8981,0.9250640240507738,Low
Madhya Pradesh,Damoh,2025,5081,938,47,6066,0.8376195186284207,Low
Madhya Pradesh,Datia,2025,3995,1805,43,5843,0.6837241143248332,Low
Madhya Pradesh,Dewas,2025,8393,1958,91,10442,0.8037732235203984,Low
Madhya Pradesh,Dhar,2025,8734,3553,425,12712,0.6870673379483953,Low
Madhya Pradesh,Dindori,2025,2409,249,1,2659,0.9059796916133885,Low
Madhya Pradesh,East Nimar,2025,2338,1500,21,3859,0.6058564394920964,Low
Madhya Pradesh,Guna,2025,7496,2249,66,9811,0.7640403628580165,Low
Madhya Pradesh,Gwalior,2025,12110,5602,830,18542,0.6531118541689138,Low
Madhya Pradesh,Harda,2025,1733,383,18,2134,0.8120899718837863,Low
Madhya Pradesh,Harda *,2025,503,107,0,610,0.8245901639344262,Low
Madhya Pradesh,Hoshangabad,2025,5158,812,12,5982,0.8622534269475092,Low
Madhya Pradesh,Indore,2025,16685,5009,609,22303,0.7481056360130924,Low
Madhya Pradesh,Jabalpur,2025,10653,1713,101,12467,0.8544958690944092,Low
Madhya Pradesh,Jhabua,2025,6586,6570,332,13488,0.4882858837485172,Low
Madhya Pradesh,Katni,2025,8413,2410,118,10941,0.7689425098254273,Low
Madhya Pradesh,Khandwa,2025,3207,1232,82,4521,0.7093563370935634,Low
Madhya Pradesh,Khargone,2025,9870,4663,506,15039,0.6562936365449831,Low
Madhya Pradesh,Maihar,2025,378,20,20,418,0.9043062200956937,Low
Madhya Pradesh,Mandla,2025,4645,261,5,4911,0.9458358786397882,Low
Madhya Pradesh,Mandsaur,2025,7444,808,24,8276,0.8994683421942967,Low
Madhya Pradesh,Mauganj,2025,379,58,1,438,0.865296803652968,Low
Madhya Pradesh,Morena,2025,14064,7647,670,22381,0.628390152361378,Low
Madhya Pradesh,Narmadapuram,2025,608,100,29,737,0.824966078697422,Low
Madhya Pradesh,Narsimhapur,2025,966,223,0,1189,0.8124474348191758,Low
Madhya Pradesh,Narsinghpur,2025,3860,1222,92,5174,0.7460378817162737,Low
Madhya Pradesh,Neemuch,2025,4183,764,17,4964,0.8426672038678485,Low
Madhya Pradesh,Niwari,2025,117,16,9,142,0.823943661971831,Low
Madhya Pradesh,Pandhurna,2025,66,4,28,98,0.673469387755102,Low
Madhya Pradesh,Panna,2025,6807,2404,128,9339,0.7288788949566335,Low
Madhya Pradesh,Raisen,2025,6215,1230,122,7567,0.821329456852121,Low
Madhya Pradesh,Rajgarh,2025,6542,1594,35,8171,0.8006363970138294,Low
Madhya Pradesh,Ratlam,2025,6427,1478,77,7982,0.8051866700075169,Low
Madhya Pradesh,Rewa,2025,9346,1463,29,10838,0.862336224395645,Low
Madhya Pradesh,Sagar,2025,11572,1882,387,13841,0.8360667581822123,Low
Madhya Pradesh,Satna,2025,11198,1946,132,13276,0.8434769508888219,Low
Madhya Pradesh,Sehore,2025,5155,1308,55,6518,0.7908867750843818,Low
Madhya Pradesh,Seoni,2025,5558,513,10,6081,0.9139944088143398,Low
Madhya Pradesh,Shahdol,2025,4410,828,59,5297,0.8325467245610723,Low
Madhya Pradesh,Shajapur,2025,5937,1070,18,7025,0.8451245551601424,Low
Madhya Pradesh,Sheopur,2025,3765,3326,139,7230,0.520746887966805,Low
Madhya Pradesh,Shivpuri,2025,7127,4867,747,12741,0.5593752452711718,Low
Madhya Pradesh,Sidhi,2025,5606,671,15,6292,0.8909726636999364,Low
Madhya Pradesh,Singrauli,2025,5669,859,22,6550,0.8654961832061069,Low
Madhya Pradesh,Tikamgarh,2025,5674,1539,29,7242,0.7834852250759459,Low
Madhya Pradesh,Ujjain,2025,12450,1763,95,14308,0.8701425775789768,Low
Madhya Pradesh,Umaria,2025,4360,906,34,5300,0.8226415094339623,Low
Madhya Pradesh,Vidisha,2025,7998,2206,170,10374,0.7709658762290341,Low
Madhya Pradesh,West Nimar,2025,618,136,6,760,0.8131578947368421,Low
Maharashtra,Ahilyanagar,2025,12,1,0,13,0.9230769230769231,Medium
Maharashtra,Ahmadnagar,2025,9369,2338,129,11836,0.7915680973301791,Low
Maharashtra,Ahmed Nagar,2025,277,63,0,340,0.8147058823529412,Low
Maharashtra,Ahmednagar,2025,182,158,28,368,0.4945652173913043,Low
Maharashtra,Akola,2025,3966,693,49,4708,0.8423959218351742,Low
Maharashtra,Amravati,2025,5783,1025,107,6915,0.836297903109183,Low
Maharashtra,Aurangabad,2025,12374,4874,145,17393,0.711435635025585,Low
Maharashtra,Beed,2025,7454,2461,270,10185,0.7318605792832596,Low
Maharashtra,Bhandara,2025,1842,55,6,1903,0.9679453494482396,Low
Maharashtra,Bid,2025,439,129,0,568,0.772887323943662,Low
Maharashtra,Buldana,2025,963,112,0,1075,0.8958139534883721,Low
Maharashtra,Buldhana,2025,5849,1093,142,7084,0.8256634669678148,Low
Maharashtra,Chandrapur,2025,4014,375,86,4475,0.8969832402234637,Low
Maharashtra,Chatrapati Sambhaji Nagar,2025,114,81,16,211,0.5402843601895735,Low
Maharashtra,Chhatrapati Sambhajinagar,2025,411,365,234,1010,0.4069306930693069,Low
Maharashtra,Dharashiv,2025,89,28,27,144,0.6180555555555556,Low
Maharashtra,Dhule,2025,7244,4842,519,12605,0.5746925823086076,Low
Maharashtra,Gadchiroli,2025,2084,268,22,2374,0.8778433024431339,Low
Maharashtra,Gondia,2025,25,4,0,29,0.8620689655172413,Medium
Maharashtra,Gondiya,2025,2780,104,6,2890,0.9619377162629758,Low
Maharashtra,Gondiya *,2025,53,4,0,57,0.9298245614035088,Low
Maharashtra,Hingoli,2025,6359,1457,373,8189,0.7765294907803151,Low
Maharashtra,Hingoli *,2025,1,0,0,1,1.0,High
Maharashtra,Jalgaon,2025,10454,2579,227,13260,0.7883861236802413,Low
Maharashtra,Jalna,2025,4627,944,19,5590,0.8277280858676207,Low
Maharashtra,Kolhapur,2025,6423,985,72,7480,0.8586898395721925,Low
Maharashtra,Latur,2025,5828,1631,148,7607,0.766136453266728,Low
Maharashtra,Mumbai,2025,10594,3881,77,14552,0.7280098955470038,Low
Maharashtra,Mumbai City,2025,2314,449,166,2929,0.7900307272106522,Low
Maharashtra,Mumbai Suburban,2025,12480,4946,790,18216,0.6851119894598156,Low
Maharashtra,Mumbai( Sub Urban ),2025,340,79,0,419,0.8114558472553699,Low
Maharashtra,Nagpur,2025,10093,1502,233,11828,0.8533141697666554,Low
Maharashtra,Nanded,2025,9164,2447,336,11947,0.7670544906671131,Low
Maharashtra,Nandurbar,2025,7649,2630,237,10516,0.7273678204640548,Low
Maharashtra,Nandurbar *,2025,106,33,1,140,0.7571428571428571,Low
Maharashtra,Nashik,2025,16262,5802,304,22368,0.7270207439198856,Low
Maharashtra,Osmanabad,2025,3303,713,10,4026,0.8204172876304023,Low
Maharashtra,Palghar,2025,7343,3191,165,10699,0.6863258248434433,Low
Maharashtra,Parbhani,2025,5062,1011,199,6272,0.8070790816326531,Low
Maharashtra,Pune,2025,24088,6536,1139,31763,0.7583666530239587,Low
Maharashtra,Raigad,2025,2585,743,105,3433,0.7529857267695893,Low
Maharashtra,Raigarh,2025,4414,815,1,5230,0.8439770554493308,Low
Maharashtra,Raigarh(Mh),2025,72,16,0,88,0.8181818181818182,Low
Maharashtra,Ratnagiri,2025,2352,219,32,2603,0.9035728006146754,Low
Maharashtra,Sangli,2025,5697,1802,133,7632,0.7464622641509434,Low
Maharashtra,Satara,2025,5148,717,156,6021,0.8550074738415545,Low
Maharashtra,Sindhudurg,2025,1121,59,22,1202,0.93261231281198,Low
Maharashtra,Solapur,2025,9537,2495,260,12292,0.775870484868207,Low
Maharashtra,Thane,2025,29092,13629,967,43688,0.6659036806445706,Low
Maharashtra,Wardha,2025,1859,89,5,1953,0.9518689196108551,Low
Maharashtra,Washim,2025,3041,300,45,3386,0.8981098641464855,Low
Maharashtra,Washim *,2025,28,4,0,32,0.875,Medium
Maharashtra,Yavatmal,2025,6054,1339,201,7594,0.7972083223597577,Low
Manipur,Bishnupur,2025,516,559,42,1117,0.4619516562220233,Low
Manipur,Chandel,2025,244,510,5,759,0.3214756258234519,Low
Manipur,Churachandpur,2025,1256,3274,108,4638,0.2708063820612333,Medium
Manipur,Imphal East,2025,559,564,9,1132,0.49381625441696114,Low
Manipur,Imphal West,2025,645,559,32,1236,0.5218446601941747,Low
Manipur,Jiribam,2025,53,91,1,145,0.36551724137931035,Low
Manipur,Kakching,2025,39,69,1,109,0.3577981651376147,Low
Manipur,Pherzawl,2025,1,10,0,11,0.09090909090909091,High
Manipur,Senapati,2025,764,721,16,1501,0.5089940039973351,Low
Manipur,Tamenglong,2025,297,634,29,960,0.309375,Low
Manipur,Thoubal,2025,423,638,6,1067,0.3964386129334583,Low
Manipur,Ukhrul,2025,343,424,14,781,0.43918053777208704,Low
Meghalaya,East Garo Hills,2025,1012,3366,1674,6052,0.16721744877726372,Medium
Meghalaya,East Jaintia Hills,2025,983,2354,1796,5133,0.1915059419442821,Medium
Meghalaya,East Khasi Hills,2025,4258,14606,9948,28812,0.14778564487019297,High
Meghalaya,Eastern West Khasi Hills,2025,3,226,589,818,0.003667481662591687,High
Meghalaya,Jaintia Hills,2025,4,0,0,4,1.0,High
Meghalaya,Kamrup,2025,13,71,59,143,0.09090909090909091,High
Meghalaya,North Garo Hills,2025,457,1854,758,3069,0.14890843923101987,High
Meghalaya,Ri Bhoi,2025,1338,4598,3372,9308,0.1437473141383756,High
Meghalaya,South Garo Hills,2025,568,2427,1446,4441,0.12789912181941004,High
Meghalaya,South West Garo Hills,2025,2417,1656,883,4956,0.4876916868442292,Low
Meghalaya,South West Khasi Hills,2025,789,1543,1114,3446,0.2289611143354614,Medium
Meghalaya,West Garo Hills,2025,4545,6790,4540,15875,0.2862992125984252,Medium
Meghalaya,West Jaintia Hills,2025,2382,5636,3798,11816,0.20159106296547055,Medium
Meghalaya,West Khasi Hills,2025,2410,8178,5310,15898,0.15159139514404327,Medium
Mizoram,Aizawl,2025,762,236,61,1059,0.7195467422096318,Low
Mizoram,Champhai,2025,805,269,91,1165,0.6909871244635193,Low
Mizoram,Hnahthial,2025,2,0,0,2,1.0,High
Mizoram,Khawzawl,2025,5,7,24,36,0.1388888888888889,High
Mizoram,Kolasib,2025,189,51,35,275,0.6872727272727273,Low
Mizoram,Lawngtlai,2025,1164,381,97,1642,0.7088915956151035,Low
Mizoram,Lunglei,2025,541,116,69,726,0.7451790633608816,Low
Mizoram,Mamit,2025,141,27,3,171,0.8245614035087719,Low
Mizoram,Mammit,2025,71,8,0,79,0.8987341772151899,Low
Mizoram,Saiha,2025,374,181,102,657,0.5692541856925418,Low
Mizoram,Saitual,2025,2,3,7,12,0.16666666666666666,Medium
Mizoram,Serchhip,2025,80,16,6,102,0.7843137254901961,Low
Nagaland,Chumukedima,2025,37,97,50,184,0.20108695652173914,Medium
Nagaland,Dimapur,2025,1118,1802,276,3196,0.3498122653316646,Low
Nagaland,Kiphire,2025,163,693,52,908,0.17951541850220265,Medium
Nagaland,Kohima,2025,562,952,107,1621,0.3466995681677977,Low
Nagaland,Longleng,2025,205,636,48,889,0.23059617547806524,Medium
Nagaland,Meluri,2025,2,13,2,17,0.11764705882352941,High
Nagaland,Mokokchung,2025,132,315,43,490,0.2693877551020408,Medium
Nagaland,Mon,2025,618,1434,171,2223,0.27800269905533065,Medium
Nagaland,Niuland,2025,14,15,2,31,0.45161290322580644,Medium
Nagaland,Noklak,2025,70,246,38,354,0.1977401129943503,Medium
Nagaland,Peren,2025,511,843,100,1454,0.35144429160935353,Low
Nagaland,Phek,2025,309,695,39,1043,0.2962607861936721,Medium
Nagaland,Shamator,2025,3,221,23,247,0.012145748987854251,High
Nagaland,Tseminyu,2025,7,15,10,32,0.21875,Medium
Nagaland,Tuensang,2025,512,983,84,1579,0.32425585813806207,Low
Nagaland,Wokha,2025,118,410,30,558,0.2114695340501792,Medium
Nagaland,Zunheboto,2025,131,583,47,761,0.1721419185282523,Medium
Odisha,Nuapada,2025,1,0,0,1,1.0,High
Odisha,Angul,2025,1,0,0,1,1.0,High
Odisha,Anugul,2025,12,1,0,13,0.9230769230769231,Medium
Odisha,Angul,2025,2582,413,14,3009,0.8580923894981721,Low
Odisha,Anugal,2025,1,2,0,3,0.3333333333333333,High
Odisha,Anugul,2025,117,26,0,143,0.8181818181818182,Low
Odisha,Balangir,2025,4254,924,56,5234,0.8127627053878487,Low
Odisha,Baleshwar,2025,641,204,0,845,0.7585798816568048,Low
Odisha,Baleswar,2025,4864,1147,4,6015,0.8086450540315877,Low
Odisha,Bargarh,2025,4329,818,3,5150,0.8405825242718447,Low
Odisha,Baudh,2025,138,33,0,171,0.8070175438596491,Low
Odisha,Bhadrak,2025,3369,1137,14,4520,0.745353982300885,Low
Odisha,Boudh,2025,1177,245,2,1424,0.8265449438202247,Low
Odisha,Cuttack,2025,4040,1025,15,5080,0.7952755905511811,Low
Odisha,Debagarh,2025,776,95,5,876,0.8858447488584474,Low
Odisha,Dhenkanal,2025,2358,525,8,2891,0.8156347284676583,Low
Odisha,Gajapati,2025,1658,318,18,1994,0.831494483450351,Low
Odisha,Ganjam,2025,6709,996,9,7714,0.8697173969406274,Low
Odisha,Jajpur,2025,1967,456,49,2472,0.7957119741100324,Low
Odisha,Jagatsinghapur,2025,2821,304,24,3149,0.8958399491902191,Low
Odisha,Jagatsinghpur,2025,626,68,0,694,0.9020172910662824,Low
Odisha,Jajapur,2025,2014,481,2,2497,0.8065678814577493,Low
Odisha,Jajpur,2025,10,7,0,17,0.5882352941176471,Medium
Odisha,Jharsuguda,2025,1071,86,0,1157,0.9256698357821953,Low
Odisha,Kalahandi,2025,3350,1071,64,4485,0.7469342251950948,Low
Odisha,Kandhamal,2025,2603,438,8,3049,0.8537225319776977,Low
Odisha,Kendrapara,2025,3161,753,48,3962,0.7978293791014639,Low
Odisha,Kendujhar,2025,4330,1032,15,5377,0.8052817556258136,Low
Odisha,Khorda,2025,3496,654,165,4315,0.810196987253766,Low
Odisha,Khordha,2025,385,98,13,496,0.7762096774193549,Low
Odisha,Koraput,2025,3172,1165,46,4383,0.7237052247319188,Low
Odisha,Malkangiri,2025,2333,486,4,2823,0.8264257881686149,Low
Odisha,Mayurbhanj,2025,6227,1860,35,8122,0.7666830829844866,Low
Odisha,Nuapada,2025,34,4,0,38,0.8947368421052632,Medium
Odisha,Nabarangapur,2025,4174,1990,65,6229,0.6700915074650827,Low
Odisha,Nabarangpur,2025,327,103,12,442,0.7398190045248869,Low
Odisha,Nayagarh,2025,2080,271,11,2362,0.8806096528365792,Low
Odisha,Nuapada,2025,1666,413,2,2081,0.8005766458433445,Low
Odisha,Puri,2025,2959,548,4,3511,0.8427798348048989,Low
Odisha,Rayagada,2025,2370,672,3,3045,0.7783251231527094,Low
Odisha,Sambalpur,2025,2234,317,1,2552,0.8753918495297806,Low
Odisha,Sonapur,2025,1266,221,1,1488,0.8508064516129032,Low
Odisha,Subarnapur,2025,339,60,0,399,0.849624060150376,Low
Odisha,Sundargarh,2025,486,105,0,591,0.8223350253807107,Low
Odisha,Sundergarh,2025,3341,640,19,4000,0.83525,Low
Odisha,Jajpur,2025,14,4,0,18,0.7777777777777778,Medium
Orissa,Anugul,2025,42,9,0,51,0.8235294117647058,Low
Orissa,Balangir,2025,328,108,0,436,0.7522935779816514,Low
Orissa,Baleshwar,2025,337,47,0,384,0.8776041666666666,Low
Orissa,Baleswar,2025,2,1,0,3,0.6666666666666666,High
Orissa,Bargarh,2025,82,7,0,89,0.9213483146067416,Low
Orissa,Baudh,2025,4,0,0,4,1.0,High
Orissa,Bhadrak,2025,332,39,0,371,0.894878706199461,Low
Orissa,Cuttack,2025,265,57,0,322,0.8229813664596274,Low
Orissa,Debagarh,2025,7,0,0,7,1.0,High
Orissa,Dhenkanal,2025,108,18,0,126,0.8571428571428571,Low
Orissa,Gajapati,2025,8,0,0,8,1.0,High
Orissa,Ganjam,2025,354,48,0,402,0.8805970149253731,Low
Orissa,Jagatsinghapur,2025,31,4,0,35,0.8857142857142857,Medium
Orissa,Jajapur,2025,93,18,0,111,0.8378378378378378,Low
Orissa,Jharsuguda,2025,25,0,0,25,1.0,Medium
Orissa,Kalahandi,2025,11,0,0,11,1.0,Medium
Orissa,Kandhamal,2025,30,2,0,32,0.9375,Medium
Orissa,Kendrapara,2025,49,4,0,53,0.9245283018867925,Low
Orissa,Kendrapara *,2025,1,0,0,1,1.0,High
Orissa,Kendujhar,2025,39,10,0,49,0.7959183673469388,Medium
Orissa,Khorda,2025,1,1,0,2,0.5,High
Orissa,Khordha,2025,629,97,0,726,0.8663911845730028,Low
Orissa,Koraput,2025,94,25,0,119,0.7899159663865546,Low
Orissa,Malkangiri,2025,40,7,0,47,0.851063829787234,Medium
Orissa,Mayurbhanj,2025,31,1,0,32,0.96875,Medium
Orissa,Nabarangapur,2025,1,2,0,3,0.3333333333333333,High
Orissa,Nayagarh,2025,92,12,0,104,0.8846153846153846,Low
Orissa,Nuapada,2025,2,0,0,2,1.0,High
Orissa,Puri,2025,194,26,0,220,0.8818181818181818,Low
Orissa,Rayagada,2025,146,35,0,181,0.8066298342541437,Low
Orissa,Sambalpur,2025,21,4,0,25,0.84,Medium
Orissa,Sonapur,2025,22,0,0,22,1.0,Medium
Orissa,Subarnapur,2025,6,0,0,6,1.0,High
Orissa,Sundargarh,2025,121,18,0,139,0.8705035971223022,Low
Orissa,Sundergarh,2025,0,1,0,1,0.0,High
Pondicherry,Karaikal,2025,154,8,0,162,0.9506172839506173,Low
Pondicherry,Pondicherry,2025,1015,69,0,1084,0.9363468634686347,Low
Pondicherry,Yanam,2025,24,2,0,26,0.9230769230769231,Medium
Puducherry,Karaikal,2025,363,30,12,405,0.8962962962962963,Low
Puducherry,Pondicherry,2025,3,0,0,3,1.0,High
Puducherry,Puducherry,2025,1213,85,32,1330,0.91203007518797,Low
Puducherry,Yanam,2025,6,1,0,7,0.8571428571428571,High
Punjab,Amritsar,2025,7633,1775,247,9655,0.7905748316934231,Low
Punjab,Barnala,2025,926,79,8,1013,0.914116485686081,Low
Punjab,Bathinda,2025,2388,298,18,2704,0.8831360946745562,Low
Punjab,Faridkot,2025,793,99,10,902,0.8791574279379157,Low
Punjab,Fatehgarh Sahib,2025,891,144,13,1048,0.8501908396946565,Low
Punjab,Fazilka,2025,1630,271,10,1911,0.8529565672422815,Low
Punjab,Ferozepur,2025,1262,114,5,1381,0.9138305575669804,Low
Punjab,Firozpur,2025,347,48,0,395,0.8784810126582279,Low
Punjab,Gurdaspur,2025,4436,558,126,5120,0.86640625,Low
Punjab,Hoshiarpur,2025,3515,401,218,4134,0.8502660861151428,Low
Punjab,Jalandhar,2025,3314,732,72,4118,0.8047595920349684,Low
Punjab,Kapurthala,2025,2067,446,1213,3726,0.5547504025764896,Low
Punjab,Ludhiana,2025,12209,4573,832,17614,0.6931418190076076,Low
Punjab,Malerkotla,2025,711,146,8,865,0.8219653179190751,Low
Punjab,Mansa,2025,998,107,19,1124,0.8879003558718861,Low
Punjab,Moga,2025,1335,159,41,1535,0.8697068403908795,Low
Punjab,Muktsar,2025,306,28,0,334,0.9161676646706587,Low
Punjab,Nawanshahr,2025,169,23,0,192,0.8802083333333334,Low
Punjab,Pathankot,2025,1033,67,15,1115,0.9264573991031391,Low
Punjab,Patiala,2025,4298,769,83,5150,0.8345631067961164,Low
Punjab,Rupnagar,2025,1140,93,13,1246,0.9149277688603531,Low
Punjab,S.A.S Nagar,2025,493,164,48,705,0.699290780141844,Low
Punjab,S.A.S Nagar(Mohali),2025,241,36,0,277,0.8700361010830325,Low
Punjab,Sas Nagar (Mohali),2025,2398,493,62,2953,0.812055536742296,Low
Punjab,Sangrur,2025,2087,203,39,2329,0.8960927436668098,Low
Punjab,Shaheed Bhagat Singh Nagar,2025,801,101,44,946,0.846723044397463,Low
Punjab,Sri Muktsar Sahib,2025,1157,150,8,1315,0.8798479087452471,Low
Punjab,Tarn Taran,2025,2646,273,20,2939,0.9003062266076897,Low
Rajasthan,Ajmer,2025,9200,2787,148,12135,0.7581376184590028,Low
Rajasthan,Alwar,2025,15764,7314,305,23383,0.6741649916606082,Low
Rajasthan,Balotra,2025,1,0,0,1,1.0,High
Rajasthan,Banswara,2025,4203,3030,30,7263,0.5786864931846345,Low
Rajasthan,Baran,2025,4532,1658,77,6267,0.7231530237753311,Low
Rajasthan,Barmer,2025,10522,5233,96,15851,0.6638066998927512,Low
Rajasthan,Beawar,2025,1,0,0,1,1.0,High
Rajasthan,Bharatpur,2025,10236,6643,175,17054,0.6002110941714554,Low
Rajasthan,Bhilwara,2025,7865,3035,183,11083,0.7096454028692593,Low
Rajasthan,Bikaner,2025,7464,5620,199,13283,0.5619212527290521,Low
Rajasthan,Bundi,2025,3414,1334,124,4872,0.7007389162561576,Low
Rajasthan,Chittaurgarh,2025,286,70,1,357,0.8011204481792717,Low
Rajasthan,Chittorgarh,2025,3698,2160,128,5986,0.6177748078850651,Low
Rajasthan,Churu,2025,7888,4732,160,12780,0.6172143974960876,Low
Rajasthan,Dausa,2025,4277,1807,49,6133,0.6973748573292027,Low
Rajasthan,Deeg,2025,13,36,12,61,0.21311475409836064,Medium
Rajasthan,Deeg,2025,1,7,0,8,0.125,High
Rajasthan,Dhaulpur,2025,93,46,0,139,0.6690647482014388,Low
Rajasthan,Dholpur,2025,5719,2711,150,8580,0.6665501165501165,Low
Rajasthan,Didwana-Kuchaman,2025,2,0,0,2,1.0,High
Rajasthan,Dungarpur,2025,3869,2649,53,6571,0.5887992695175772,Low
Rajasthan,Ganganagar,2025,4186,1276,42,5504,0.7605377906976745,Low
Rajasthan,Hanumangarh,2025,3628,1271,41,4940,0.734412955465587,Low
Rajasthan,Jaipur,2025,21436,8976,734,31146,0.6882424709432993,Low
Rajasthan,Jaisalmer,2025,1683,1120,51,2854,0.5896986685353889,Low
Rajasthan,Jalor,2025,7882,5875,234,13991,0.5633621613894647,Low
Rajasthan,Jalore,2025,298,183,13,494,0.6032388663967612,Low
Rajasthan,Jhalawar,2025,4978,2002,56,7036,0.7075042637862422,Low
Rajasthan,Jhunjhunu,2025,210,101,0,311,0.6752411575562701,Low
Rajasthan,Jhunjhunun,2025,5749,1776,86,7611,0.7553540927604783,Low
Rajasthan,Jodhpur,2025,14563,6724,928,22215,0.6555480531172632,Low
Rajasthan,Karauli,2025,5857,2670,109,8636,0.6782075034738305,Low
Rajasthan,Kota,2025,5545,1876,104,7525,0.7368770764119601,Low
Rajasthan,Nagaur,2025,11618,5441,208,17267,0.6728441535877686,Low
Rajasthan,Pali,2025,6300,2696,118,9114,0.6912442396313364,Low
Rajasthan,Pratapgarh,2025,2643,1133,18,3794,0.6966262519768055,Low
Rajasthan,Rajsamand,2025,3078,1405,29,4512,0.6821808510638298,Low
Rajasthan,Salumbar,2025,1,0,0,1,1.0,High
Rajasthan,Sawai Madhopur,2025,4575,2083,86,6744,0.6783807829181495,Low
Rajasthan,Sikar,2025,8163,3061,176,11400,0.7160526315789474,Low
Rajasthan,Sirohi,2025,5500,4853,379,10732,0.5124860231084607,Low
Rajasthan,Tonk,2025,4198,1656,61,5915,0.7097210481825866,Low
Rajasthan,Udaipur,2025,8641,6073,192,14906,0.579699449885952,Low
Sikkim,East,2025,215,153,2,370,0.581081081081081,Low
Sikkim,East Sikkim,2025,184,136,19,339,0.5427728613569321,Low
Sikkim,Mangan,2025,0,2,1,3,0.0,High
Sikkim,Namchi,2025,3,7,14,24,0.125,High
Sikkim,North,2025,34,10,0,44,0.7727272727272727,Medium
Sikkim,North Sikkim,2025,45,17,0,62,0.7258064516129032,Low
Sikkim,South,2025,88,108,1,197,0.4467005076142132,Low
Sikkim,South Sikkim,2025,187,247,25,459,0.4074074074074074,Low
Sikkim,West,2025,92,111,5,208,0.4423076923076923,Low
Sikkim,West Sikkim,2025,206,256,39,501,0.4111776447105788,Low
Tamil Nadu,Ariyalur,2025,1927,405,80,2412,0.798922056384743,Low
Tamil Nadu,Chengalpattu,2025,862,319,72,1253,0.6879489225857941,Low
Tamil Nadu,Chennai,2025,7686,2159,198,10043,0.7653091705665638,Low
Tamil Nadu,Coimbatore,2025,7139,1804,43,8986,0.7944580458490986,Low
Tamil Nadu,Cuddalore,2025,7493,1093,44,8630,0.8682502896871379,Low
Tamil Nadu,Dharmapuri,2025,4840,851,48,5739,0.8433525004356159,Low
Tamil Nadu,Dindigul,2025,4678,1393,12,6083,0.7690284399145159,Low
Tamil Nadu,Erode,2025,4964,1045,8,6017,0.8249958451055344,Low
Tamil Nadu,Kallakurichi,2025,877,149,38,1064,0.8242481203007519,Low
Tamil Nadu,Kancheepuram,2025,9629,3354,67,13050,0.7378544061302682,Low
Tamil Nadu,Kanchipuram,2025,277,89,21,387,0.7157622739018088,Low
Tamil Nadu,Kanniyakumari,2025,2139,135,1,2275,0.9402197802197803,Low
Tamil Nadu,Kanyakumari,2025,1896,92,17,2005,0.9456359102244389,Low
Tamil Nadu,Karur,2025,3362,654,3,4019,0.8365264991291366,Low
Tamil Nadu,Krishnagiri,2025,4157,910,8,5075,0.8191133004926109,Low
Tamil Nadu,Madurai,2025,8875,1024,39,9938,0.8930368283356812,Low
Tamil Nadu,Mayiladuthurai,2025,437,64,1,502,0.8705179282868526,Low
Tamil Nadu,Nagapattinam,2025,3315,732,0,4047,0.8191252779836916,Low
Tamil Nadu,Namakkal,2025,4257,606,9,4872,0.8737684729064039,Low
Tamil Nadu,Namakkal   *,2025,0,1,0,1,0.0,High
Tamil Nadu,Perambalur,2025,1898,232,0,2130,0.8910798122065727,Low
Tamil Nadu,Pudukkottai,2025,5339,1670,36,7045,0.7578424414478353,Low
Tamil Nadu,Ramanathapuram,2025,3318,644,43,4005,0.8284644194756554,Low
Tamil Nadu,Ranipet,2025,97,13,1,111,0.8738738738738738,Low
Tamil Nadu,Salem,2025,8417,1608,224,10249,0.8212508537418285,Low
Tamil Nadu,Sivaganga,2025,3740,685,21,4446,0.8412055780476833,Low
Tamil Nadu,Tenkasi,2025,1150,118,0,1268,0.9069400630914827,Low
Tamil Nadu,Thanjavur,2025,5881,1471,20,7372,0.7977482365708085,Low
Tamil Nadu,The Nilgiris,2025,1279,430,5,1714,0.7462077012835473,Low
Tamil Nadu,Theni,2025,2908,563,2,3473,0.8373164411171897,Low
Tamil Nadu,Thiruvallur,2025,461,134,10,605,0.7619834710743801,Low
Tamil Nadu,Thiruvarur,2025,3346,816,3,4165,0.8033613445378152,Low
Tamil Nadu,Thoothukkudi,2025,4439,877,3,5319,0.8345553675502914,Low
Tamil Nadu,Tiruchirappalli,2025,8396,1531,5,9932,0.8453483689085783,Low
Tamil Nadu,Tirunelveli,2025,8303,1370,2,9675,0.8581912144702842,Low
Tamil Nadu,Tirupathur,2025,4,0,0,4,1.0,High
Tamil Nadu,Tirupattur,2025,944,102,2,1048,0.9007633587786259,Low
Tamil Nadu,Tiruppur,2025,5078,1109,5,6192,0.8200904392764858,Low
Tamil Nadu,Tiruvallur,2025,8712,2665,58,11435,0.7618714473108876,Low
Tamil Nadu,Tiruvannamalai,2025,6556,677,33,7266,0.9022846132672723,Low
Tamil Nadu,Tiruvarur,2025,1,0,0,1,1.0,High
Tamil Nadu,Tuticorin,2025,1,1,0,2,0.5,High
Tamil Nadu,Vellore,2025,8271,1309,53,9633,0.8586110246029275,Low
Tamil Nadu,Villupuram,2025,5854,915,3,6772,0.864441819255759,Low
Tamil Nadu,Viluppuram,2025,4341,781,0,5122,0.8475204998047637,Low
Tamil Nadu,Virudhunagar,2025,4769,627,11,5407,0.8820048085814685,Low
Telangana,Adilabad,2025,2517,467,3,2987,0.842651489789086,Low
Telangana,Bhadradri Kothagudem,2025,2490,682,39,3211,0.7754593584553099,Low
Telangana,Hanumakonda,2025,916,109,5,1030,0.8893203883495145,Low
Telangana,Hyderabad,2025,19721,5600,669,25990,0.7587918430165448,Low
Telangana,Jagitial,2025,1488,98,9,1595,0.9329153605015674,Low
Telangana,Jangaon,2025,66,15,0,81,0.8148148148148148,Low
Telangana,Jangoan,2025,892,130,0,1022,0.87279843444227,Low
Telangana,Jayashankar Bhupalpally,2025,670,173,4,847,0.7910271546635183,Low
Telangana,Jogulamba Gadwal,2025,1543,299,2,1844,0.836767895878525,Low
Telangana,K.V. Rangareddy,2025,13564,3681,164,17409,0.7791372278706417,Low
Telangana,Kamareddy,2025,1862,144,2,2008,0.9272908366533864,Low
Telangana,Karimnagar,2025,5115,686,7,5808,0.8806818181818182,Low
Telangana,Khammam,2025,2800,1079,9,3888,0.720164609053498,Low
Telangana,Komaram Bheem,2025,917,189,0,1106,0.8291139240506329,Low
Telangana,Mahabubabad,2025,1249,253,1,1503,0.8310046573519627,Low
Telangana,Mahabubnagar,2025,7689,2463,16,10168,0.7561959087332809,Low
Telangana,Mancherial,2025,924,169,1,1094,0.8446069469835467,Low
Telangana,Medak,2025,6158,1379,7,7544,0.8162778366914104,Low
Telangana,Medchal Malkajgiri,2025,409,265,30,704,0.5809659090909091,Low
Telangana,Medchal-Malkajgiri,2025,3064,900,106,4070,0.7528255528255529,Low
Telangana,Medchal?Malkajgiri,2025,1,1,0,2,0.5,High
Telangana,Medchal−Malkajgiri,2025,445,88,2,535,0.8317757009345794,Low
Telangana,Mulugu,2025,700,233,4,937,0.7470651013874067,Low
Telangana,Nagarkurnool,2025,1077,282,2,1361,0.7913299044819986,Low
Telangana,Nalgonda,2025,5405,1246,10,6661,0.8114397237652005,Low
Telangana,Narayanpet,2025,1082,224,4,1310,0.8259541984732824,Low
Telangana,Nirmal,2025,1292,106,3,1401,0.9221984296930764,Low
Telangana,Nizamabad,2025,5985,583,9,6577,0.9099893568496275,Low
Telangana,Peddapalli,2025,513,72,3,588,0.8724489795918368,Low
Telangana,Rajanna Sircilla,2025,834,51,3,888,0.9391891891891891,Low
Telangana,Ranga Reddy,2025,181,93,10,284,0.6373239436619719,Low
Telangana,Rangareddy,2025,237,61,2,300,0.79,Low
Telangana,Sangareddy,2025,2224,468,11,2703,0.8227894931557529,Low
Telangana,Siddipet,2025,1701,174,1,1876,0.9067164179104478,Low
Telangana,Suryapet,2025,1743,297,2,2042,0.8535749265426053,Low
Telangana,Vikarabad,2025,2085,506,2,2593,0.8040879290397224,Low
Telangana,Wanaparthy,2025,1266,401,0,1667,0.7594481103779244,Low
Telangana,Warangal,2025,2462,490,0,2952,0.8340108401084011,Low
Telangana,Warangal (Urban),2025,6,1,0,7,0.8571428571428571,High
Telangana,Warangal Rural,2025,660,70,2,732,0.9016393442622951,Low
Telangana,Warangal Urban,2025,585,72,6,663,0.8823529411764706,Low
Telangana,Yadadri.,2025,1380,205,1,1586,0.8701134930643127,Low
The Dadra And Nagar Haveli And Daman And Diu,Dadra And Nagar Haveli,2025,548,141,27,716,0.7653631284916201,Low
Tripura,Dhalai,2025,777,607,36,1420,0.5471830985915493,Low
Tripura,Dhalai  *,2025,28,4,0,32,0.875,Medium
Tripura,Gomati,2025,464,204,11,679,0.6833578792341679,Low
Tripura,Khowai,2025,196,99,44,339,0.5781710914454278,Low
Tripura,North Tripura,2025,1046,416,26,1488,0.7029569892473119,Low
Tripura,Sepahijala,2025,1121,577,30,1728,0.6487268518518519,Low
Tripura,South Tripura,2025,1348,804,6,2158,0.6246524559777572,Low
Tripura,Unakoti,2025,433,179,27,639,0.6776212832550861,Low
Tripura,West Tripura,2025,1963,764,75,2802,0.7005710206995004,Low
Uttar Pradesh,Agra,2025,16314,12691,905,29910,0.5454363089267803,Low
Uttar Pradesh,Aligarh,2025,13830,11776,586,26192,0.5280238240684179,Low
Uttar Pradesh,Allahabad,2025,7254,5946,49,13249,0.5475130198505548,Low
Uttar Pradesh,Ambedkar Nagar,2025,3856,4096,50,8002,0.48187953011747064,Low
Uttar Pradesh,Amethi,2025,3890,3251,56,7197,0.5405029873558427,Low
Uttar Pradesh,Amroha,2025,5605,2476,61,8142,0.6884057971014492,Low
Uttar Pradesh,Auraiya,2025,2169,1547,17,3733,0.5810340208947228,Low
Uttar Pradesh,Ayodhya,2025,1027,634,32,1693,0.6066154754873007,Low
Uttar Pradesh,Azamgarh,2025,6717,13577,279,20573,0.3264958926748651,Low
Uttar Pradesh,Baghpat,2025,3482,3203,154,6839,0.5091387629770434,Low
Uttar Pradesh,Bagpat,2025,0,1,0,1,0.0,High
Uttar Pradesh,Bahraich,2025,14674,22360,2304,39338,0.3730235395800498,Low
Uttar Pradesh,Ballia,2025,4079,5860,37,9976,0.4088813151563753,Low
Uttar Pradesh,Balrampur,2025,4181,7907,236,12324,0.3392567348263551,Low
Uttar Pradesh,Banda,2025,4825,5563,203,10591,0.45557548862241526,Low
Uttar Pradesh,Bara Banki,2025,5776,3218,92,9086,0.6357032797710764,Low
Uttar Pradesh,Barabanki,2025,1401,922,52,2375,0.5898947368421052,Low
Uttar Pradesh,Bareilly,2025,17187,10017,607,27811,0.6179928805149042,Low
Uttar Pradesh,Basti,2025,4823,5216,80,10119,0.476628125308825,Low
Uttar Pradesh,Bhadohi,2025,265,277,4,546,0.48534798534798534,Low
Uttar Pradesh,Bijnor,2025,12935,3843,73,16851,0.767610230846834,Low
Uttar Pradesh,Budaun,2025,7773,7407,349,15529,0.5005473629982613,Low
Uttar Pradesh,Bulandshahar,2025,115,70,0,185,0.6216216216216216,Low
Uttar Pradesh,Bulandshahr,2025,9155,7521,209,16885,0.5421972164643174,Low
Uttar Pradesh,Chandauli,2025,4405,4986,175,9566,0.46048505122308175,Low
Uttar Pradesh,Chitrakoot,2025,2951,2436,14,5401,0.5463802999444547,Low
Uttar Pradesh,Deoria,2025,4700,5443,114,10257,0.45822365214000194,Low
Uttar Pradesh,Etah,2025,6760,4345,159,11264,0.6001420454545454,Low
Uttar Pradesh,Etawah,2025,4173,2865,116,7154,0.5833100363433045,Low
Uttar Pradesh,Faizabad,2025,4052,2871,3,6926,0.5850418712099336,Low
Uttar Pradesh,Farrukhabad,2025,2844,2944,82,5870,0.48449744463373084,Low
Uttar Pradesh,Fatehpur,2025,6526,5582,225,12333,0.529149436471256,Low
Uttar Pradesh,Firozabad,2025,7250,4926,124,12300,0.5894308943089431,Low
Uttar Pradesh,Gautam Buddha Nagar,2025,9002,9318,637,18957,0.47486416627103445,Low
Uttar Pradesh,Ghaziabad,2025,11984,10693,393,23070,0.5194625054182922,Low
Uttar Pradesh,Ghazipur,2025,4323,6894,71,11288,0.3829730687455705,Low
Uttar Pradesh,Gonda,2025,7445,7494,328,15267,0.48765310801074213,Low
Uttar Pradesh,Gorakhpur,2025,7454,12090,425,19969,0.3732785818017928,Low
Uttar Pradesh,Hamirpur,2025,2040,1398,27,3465,0.5887445887445888,Low
Uttar Pradesh,Hapur,2025,4450,2771,41,7262,0.612778848801983,Low
Uttar Pradesh,Hardoi,2025,12591,12290,312,25193,0.49978168538879847,Low
Uttar Pradesh,Hathras,2025,3815,2596,82,6493,0.5875558293546896,Low
Uttar Pradesh,Jalaun,2025,2791,2641,125,5557,0.5022494151520605,Low
Uttar Pradesh,Jaunpur,2025,5400,10237,216,15853,0.340629533842175,Low
Uttar Pradesh,Jhansi,2025,4570,2519,71,7160,0.638268156424581,Low
Uttar Pradesh,Jyotiba Phule Nagar,2025,61,23,0,84,0.7261904761904762,Low
Uttar Pradesh,Kannauj,2025,3083,3455,100,6638,0.46444712262729737,Low
Uttar Pradesh,Kanpur Dehat,2025,4032,3802,183,8017,0.5029312710490208,Low
Uttar Pradesh,Kanpur Nagar,2025,11427,12606,675,24708,0.4624817872753764,Low
Uttar Pradesh,Kasganj,2025,3206,2977,158,6341,0.5055984860432109,Low
Uttar Pradesh,Kaushambi,2025,4356,3038,69,7463,0.5836794854616106,Low
Uttar Pradesh,Kheri,2025,11282,12841,455,24578,0.45902839938156076,Low
Uttar Pradesh,Kushi Nagar,2025,779,777,14,1570,0.4961783439490446,Low
Uttar Pradesh,Kushinagar,2025,4449,6132,30,10611,0.41928187729714445,Low
Uttar Pradesh,Kushinagar *,2025,5,1,0,6,0.8333333333333334,High
Uttar Pradesh,Lalitpur,2025,3376,1305,72,4753,0.7102882390069429,Low
Uttar Pradesh,Lucknow,2025,13739,11321,454,25514,0.5384886728854746,Low
Uttar Pradesh,Maharajganj,2025,6132,11265,474,17871,0.34312573443008226,Low
Uttar Pradesh,Mahoba,2025,1979,1029,12,3020,0.6552980132450331,Low
Uttar Pradesh,Mahrajganj,2025,10,9,0,19,0.5263157894736842,Medium
Uttar Pradesh,Mainpuri,2025,5056,6483,187,11726,0.43117857752004096,Low
Uttar Pradesh,Mathura,2025,5851,5766,129,11746,0.49812702196492425,Low
Uttar Pradesh,Mau,2025,2590,4942,47,7579,0.34173373796015305,Low
Uttar Pradesh,Meerut,2025,14177,9598,252,24027,0.5900445332334457,Low
Uttar Pradesh,Mirzapur,2025,3536,4101,8,7645,0.4625245258338784,Low
Uttar Pradesh,Moradabad,2025,15196,6131,218,21545,0.7053144581109306,Low
Uttar Pradesh,Muzaffarnagar,2025,7250,4575,124,11949,0.6067453343376015,Low
Uttar Pradesh,Pilibhit,2025,8791,4631,213,13635,0.6447378071140447,Low
Uttar Pradesh,Pratapgarh,2025,5866,4386,56,10308,0.5690725649980598,Low
Uttar Pradesh,Prayagraj,2025,1428,1255,182,2865,0.49842931937172774,Low
Uttar Pradesh,Rae Bareli,2025,5812,3875,42,9729,0.5973892486380923,Low
Uttar Pradesh,Raebareli,2025,0,3,0,3,0.0,High
Uttar Pradesh,Rampur,2025,12051,7757,302,20110,0.5992541024365987,Low
Uttar Pradesh,Saharanpur,2025,13708,5359,99,19166,0.7152248773870395,Low
Uttar Pradesh,Sambhal,2025,4744,3816,117,8677,0.546732741731013,Low
Uttar Pradesh,Sant Kabir Nagar,2025,2789,3343,37,6169,0.4520992057059491,Low
Uttar Pradesh,Sant Ravidas Nagar,2025,1869,2547,4,4420,0.42285067873303167,Low
Uttar Pradesh,Sant Ravidas Nagar Bhadohi,2025,37,47,0,84,0.44047619047619047,Low
Uttar Pradesh,Shahjahanpur,2025,12811,11033,447,24291,0.5273969783047219,Low
Uttar Pradesh,Shamli,2025,5530,2613,57,8200,0.6743902439024391,Low
Uttar Pradesh,Shravasti,2025,867,1570,98,2535,0.34201183431952664,Low
Uttar Pradesh,Shrawasti,2025,1816,3151,150,5117,0.3548954465507133,Low
Uttar Pradesh,Siddharth Nagar,2025,1603,2586,152,4341,0.36926975351301544,Low
Uttar Pradesh,Siddharthnagar,2025,4875,8739,399,14013,0.3478912438450011,Low
Uttar Pradesh,Sitapur,2025,16237,13869,748,30854,0.5262526738834511,Low
Uttar Pradesh,Sonbhadra,2025,2998,2023,13,5034,0.5955502582439413,Low
Uttar Pradesh,Sultanpur,2025,5465,5837,132,11434,0.4779604687773308,Low
Uttar Pradesh,Unnao,2025,9838,8943,367,19148,0.5137873407144349,Low
Uttar Pradesh,Varanasi,2025,9479,13404,451,23334,0.406231250535699,Low
Uttarakhand,Almora,2025,1228,131,8,1367,0.8983174835405998,Low
Uttarakhand,Bageshwar,2025,675,65,2,742,0.9097035040431267,Low
Uttarakhand,Chamoli,2025,1006,77,7,1090,0.9229357798165138,Low
Uttarakhand,Champawat,2025,769,96,1,866,0.8879907621247113,Low
Uttarakhand,Dehradun,2025,7797,1554,134,9485,0.8220347917764892,Low
Uttarakhand,Garhwal,2025,52,4,0,56,0.9285714285714286,Low
Uttarakhand,Hardwar,2025,118,28,0,146,0.8082191780821918,Low
Uttarakhand,Haridwar,2025,4688,1215,52,5955,0.7872376154492023,Low
Uttarakhand,Nainital,2025,3417,458,76,3951,0.8648443432042521,Low
Uttarakhand,Pauri Garhwal,2025,1677,165,14,1856,0.9035560344827587,Low
Uttarakhand,Pithoragarh,2025,1065,146,9,1220,0.8729508196721312,Low
Uttarakhand,Rudraprayag,2025,874,82,0,956,0.9142259414225942,Low
Uttarakhand,Tehri Garhwal,2025,2444,324,13,2781,0.8788205681409564,Low
Uttarakhand,Udham Singh Nagar,2025,5092,985,18,6095,0.8354388843314192,Low
Uttarakhand,Uttarkashi,2025,978,149,5,1132,0.8639575971731449,Low
West Bengal,Hooghly,2025,3,1,0,4,0.75,High
West Bengal,Hooghly,2025,1,0,0,1,1.0,High
West  Bengal,Hooghly,2025,9,6,0,15,0.6,Medium
West Bangal,Hooghly,2025,5,1,0,6,0.8333333333333334,High
West Bangal,Howrah,2025,2,2,0,4,0.5,High
West Bengal,24 Paraganas North,2025,3177,2458,512,6147,0.5168374816983895,Low
West Bengal,24 Paraganas South,2025,364,104,22,490,0.7428571428571429,Low
West Bengal,Alipurduar,2025,1521,1714,438,3673,0.41410291315001363,Low
West Bengal,Bankura,2025,9083,2122,150,11355,0.7999119330691326,Low
West Bengal,Barddhaman,2025,12816,3006,14,15836,0.8092952765849962,Low
West Bengal,Bardhaman,2025,1345,428,3,1776,0.7573198198198198,Low
West Bengal,Birbhum,2025,13361,2041,107,15509,0.8614997743245857,Low
West Bengal,Burdwan,2025,2,0,0,2,1.0,High
West Bengal,Cooch Behar,2025,7262,3220,246,10728,0.6769202087994034,Low
West Bengal,Coochbehar,2025,2140,2087,183,4410,0.4852607709750567,Low
West Bengal,Dakshin Dinajpur,2025,5358,1069,99,6526,0.8210235979160282,Low
West Bengal,Darjeeling,2025,3967,2579,773,7319,0.5420139363300998,Low
West Bengal,Darjiling,2025,535,189,2,726,0.7369146005509641,Low
West Bengal,Dinajpur Dakshin,2025,707,256,34,997,0.7091273821464393,Low
West Bengal,Dinajpur Uttar,2025,6478,4859,334,11671,0.5550509810641762,Low
West Bengal,East Midnapore,2025,1796,318,4,2118,0.8479697828139755,Low
West Bengal,East Midnapur,2025,1,0,0,1,1.0,High
West Bengal,Hooghly,2025,2,0,0,2,1.0,High
West Bengal,Howrah,2025,2,1,0,3,0.6666666666666666,High
West Bengal,Haora,2025,1943,917,2,2862,0.6788958770090846,Low
West Bengal,Hawrah,2025,3,3,0,6,0.5,High
West Bengal,Hooghiy,2025,1,0,0,1,1.0,High
West Bengal,Hooghly,2025,11132,3853,342,15327,0.726299993475566,Low
West Bengal,Howrah,2025,8137,3124,146,11407,0.7133339177697905,Low
West Bengal,Hugli,2025,148,46,0,194,0.7628865979381443,Low
West Bengal,Jalpaiguri,2025,5674,4442,538,10654,0.5325699267880608,Low
West Bengal,Jhargram,2025,741,171,50,962,0.7702702702702703,Low
West Bengal,Kolkata,2025,0,1,0,1,0.0,High
West Bengal,Kalimpong,2025,176,184,153,513,0.34307992202729043,Low
West Bengal,Koch Bihar,2025,2227,1111,10,3348,0.6651732377538829,Low
West Bengal,Kolkata,2025,5028,4610,723,10361,0.4852813434996622,Low
West Bengal,Malda,2025,14,1,0,15,0.9333333333333333,Medium
West Bengal,Malda,2025,11775,3956,84,15815,0.7445463167878597,Low
West Bengal,Maldah,2025,1190,566,0,1756,0.6776765375854215,Low
West Bengal,Medinipur,2025,26,3,0,29,0.896551724137931,Medium
West Bengal,Medinipur West,2025,325,300,20,645,0.5038759689922481,Low
West Bengal,Murshidabad,2025,31442,4383,86,35911,0.8755534515886497,Low
West Bengal,Nadia,2025,3,0,0,3,1.0,High
West Bengal,Nadia,2025,13244,3623,843,17710,0.7478260869565218,Low
West Bengal,North 24 Parganas,2025,21517,5741,1348,28606,0.7521848563238481,Low
West Bengal,North Dinajpur,2025,263,79,0,342,0.7690058479532164,Low
West Bengal,North Twenty Four Parganas,2025,1226,399,2,1627,0.7535341118623233,Low
West Bengal,Paschim Bardhaman,2025,865,318,93,1276,0.6778996865203761,Low
West Bengal,Paschim Medinipur,2025,14240,3695,150,18085,0.7873928670168648,Low
West Bengal,Purba Bardhaman,2025,2523,390,128,3041,0.8296612956264386,Low
West Bengal,Purba Medinipur,2025,12954,1310,58,14322,0.9044826141600335,Low
West Bengal,Purulia,2025,539,243,1,783,0.6883780332056194,Low
West Bengal,Puruliya,2025,9674,3412,133,13219,0.7318254028292609,Low
West Bengal,South 24 Pargana,2025,1,1,0,2,0.5,High
West Bengal,South 24 Parganas,2025,25039,8197,304,33540,0.7465414430530709,Low
West Bengal,South 24 Parganas,2025,2,0,0,2,1.0,High
West Bengal,South Dinajpur,2025,375,71,0,446,0.8408071748878924,Low
West Bengal,South Twenty Four Parganas,2025,2978,1125,4,4107,0.7251034818602387,Low
West Bengal,Uttar Dinajpur,2025,18397,8127,368,26892,0.6841067975606128,Low
West Bengal,West Medinipur,2025,1,1,0,2,0.5,High
West Bengal,West Midnapore,2025,1647,540,3,2190,0.7520547945205479,Low
West Bengal,Hooghly,2025,2,1,0,3,0.6666666666666666,High
West Bengal,Nadia,2025,2,1,0,3,0.6666666666666666,High
West Bengal,Hooghly,2025,6,1,0,7,0.8571428571428571,High
West Bengal,Hooghly,2025,3,3,0,6,0.5,High
Andhra Pradesh,Chittoor,2025,4,0,0,4,1.0,High
Andhra Pradesh,Rangareddi,2025,1,0,0,1,1.0,High
